"0","# load functions:"
"0","source(""/Users/macbook/Documents/R_projects/datacleaning/R/assignExtraCluster.R"")"
"0","source(""/Users/macbook/Documents/R_projects/datacleaning/R/CheckUMAP1.R"")"
"0","source(""/Users/macbook/Documents/R_projects/datacleaning/R/CheckUMAP2.R"")"
"0","source(""/Users/macbook/Documents/R_projects/datacleaning/R/CheckUMAP3.R"")"
"0","source(""/Users/macbook/Documents/R_projects/datacleaning/R/CheckUMAP4.R"")"
"0","source(""/Users/macbook/Documents/R_projects/datacleaning/R/CropCluster.R"")"
"0","source(""/Users/macbook/Documents/R_projects/datacleaning/R/getFinalClusters.R"")"
"0","source(""/Users/macbook/Documents/R_projects/datacleaning/R/getLeftovers.R"")"
"0","source(""/Users/macbook/Documents/R_projects/datacleaning/R/validateExtraCluster.R"")"
